,precision,recall,f1-score,support,auroc
CD,0.01707737850707364,0.03213180937602668,0.016779253643936357,0.0,0.0033795718352495115
HYP,0.0221451861425297,0.04682383261979125,0.030924287232215898,0.0,0.0033571341946368864
MI,0.014030187794451598,0.01188095218378516,0.0033606757181668424,0.0,0.0024149366027022673
NORM,0.0059102693700970755,0.013208788050806138,0.0032940842175851197,0.0,0.0008169614277191343
STTC,0.007686057756275997,0.017327706415804056,0.006397083326853232,0.0,0.0016278999549131678
macro avg,0.0077844287747141,0.0150959936355302,0.008429519395561188,0.0,0.0014272597145365093
micro avg,0.004488913580019714,0.010008165728695102,0.003813113652891146,0.0,
samples avg,0.007657856097428918,0.009143132686469982,0.007117054505062736,0.0,
weighted avg,0.005385325618431791,0.010008165728695102,0.005110020212032017,0.0,
